--
-- PostgreSQL database dump
--

-- Dumped from database version 10.23 (Ubuntu 10.23-0ubuntu0.18.04.2)
-- Dumped by pg_dump version 10.23 (Ubuntu 10.23-0ubuntu0.18.04.2)

SET statement_timeout = 0;
SET lock_timeout = 0;
SET idle_in_transaction_session_timeout = 0;
SET client_encoding = 'UTF8';
SET standard_conforming_strings = on;
SELECT pg_catalog.set_config('search_path', '', false);
SET check_function_bodies = false;
SET xmloption = content;
SET client_min_messages = warning;
SET row_security = off;

--
-- Name: plpgsql; Type: EXTENSION; Schema: -; Owner: 
--

CREATE EXTENSION IF NOT EXISTS plpgsql WITH SCHEMA pg_catalog;


--
-- Name: EXTENSION plpgsql; Type: COMMENT; Schema: -; Owner: 
--

COMMENT ON EXTENSION plpgsql IS 'PL/pgSQL procedural language';


SET default_tablespace = '';

SET default_with_oids = false;

--
-- Name: admins; Type: TABLE; Schema: public; Owner: postgres
--

CREATE TABLE public.admins (
    username character varying NOT NULL,
    password character varying NOT NULL
);


ALTER TABLE public.admins OWNER TO postgres;

--
-- Name: alembic_version; Type: TABLE; Schema: public; Owner: postgres
--

CREATE TABLE public.alembic_version (
    version_num character varying(32) NOT NULL
);


ALTER TABLE public.alembic_version OWNER TO postgres;

--
-- Name: boxes; Type: TABLE; Schema: public; Owner: postgres
--

CREATE TABLE public.boxes (
    weight numeric(8,2) NOT NULL,
    area numeric(8,2) NOT NULL,
    id integer NOT NULL
);


ALTER TABLE public.boxes OWNER TO postgres;

--
-- Name: boxes_id_seq; Type: SEQUENCE; Schema: public; Owner: postgres
--

ALTER TABLE public.boxes ALTER COLUMN id ADD GENERATED BY DEFAULT AS IDENTITY (
    SEQUENCE NAME public.boxes_id_seq
    START WITH 1
    INCREMENT BY 1
    NO MINVALUE
    NO MAXVALUE
    CACHE 1
);


--
-- Name: catalog; Type: TABLE; Schema: public; Owner: postgres
--

CREATE TABLE public.catalog (
    id integer NOT NULL,
    name character varying NOT NULL,
    color_name character varying NOT NULL,
    feature_name character varying NOT NULL,
    surface_name character varying,
    producer_name character varying NOT NULL,
    boxes_count integer NOT NULL,
    category_name character varying NOT NULL,
    size_id integer NOT NULL,
    box_id integer NOT NULL
);


ALTER TABLE public.catalog OWNER TO postgres;

--
-- Name: catalog_id_seq; Type: SEQUENCE; Schema: public; Owner: postgres
--

CREATE SEQUENCE public.catalog_id_seq
    AS integer
    START WITH 1
    INCREMENT BY 1
    NO MINVALUE
    NO MAXVALUE
    CACHE 1;


ALTER TABLE public.catalog_id_seq OWNER TO postgres;

--
-- Name: catalog_id_seq; Type: SEQUENCE OWNED BY; Schema: public; Owner: postgres
--

ALTER SEQUENCE public.catalog_id_seq OWNED BY public.catalog.id;


--
-- Name: categories; Type: TABLE; Schema: public; Owner: postgres
--

CREATE TABLE public.categories (
    name text NOT NULL
);


ALTER TABLE public.categories OWNER TO postgres;

--
-- Name: collection_category; Type: TABLE; Schema: public; Owner: postgres
--

CREATE TABLE public.collection_category (
    category_name character varying NOT NULL,
    collection_id integer NOT NULL
);


ALTER TABLE public.collection_category OWNER TO postgres;

--
-- Name: collections; Type: TABLE; Schema: public; Owner: postgres
--

CREATE TABLE public.collections (
    id integer NOT NULL,
    name character varying NOT NULL,
    image_path character varying
);


ALTER TABLE public.collections OWNER TO postgres;

--
-- Name: collections_id_seq; Type: SEQUENCE; Schema: public; Owner: postgres
--

CREATE SEQUENCE public.collections_id_seq
    AS integer
    START WITH 1
    INCREMENT BY 1
    NO MINVALUE
    NO MAXVALUE
    CACHE 1;


ALTER TABLE public.collections_id_seq OWNER TO postgres;

--
-- Name: collections_id_seq; Type: SEQUENCE OWNED BY; Schema: public; Owner: postgres
--

ALTER SEQUENCE public.collections_id_seq OWNED BY public.collections.id;


--
-- Name: producers; Type: TABLE; Schema: public; Owner: postgres
--

CREATE TABLE public.producers (
    name character varying NOT NULL
);


ALTER TABLE public.producers OWNER TO postgres;

--
-- Name: slugs; Type: TABLE; Schema: public; Owner: postgres
--

CREATE TABLE public.slugs (
    name character varying NOT NULL,
    slug character varying NOT NULL
);


ALTER TABLE public.slugs OWNER TO postgres;

--
-- Name: tile_colors; Type: TABLE; Schema: public; Owner: postgres
--

CREATE TABLE public.tile_colors (
    color_name character varying NOT NULL,
    feature_name character varying NOT NULL
);


ALTER TABLE public.tile_colors OWNER TO postgres;

--
-- Name: tile_images; Type: TABLE; Schema: public; Owner: postgres
--

CREATE TABLE public.tile_images (
    image_id integer NOT NULL,
    tile_id integer NOT NULL,
    image_path character varying NOT NULL
);


ALTER TABLE public.tile_images OWNER TO postgres;

--
-- Name: tile_images_image_id_seq; Type: SEQUENCE; Schema: public; Owner: postgres
--

CREATE SEQUENCE public.tile_images_image_id_seq
    AS integer
    START WITH 1
    INCREMENT BY 1
    NO MINVALUE
    NO MAXVALUE
    CACHE 1;


ALTER TABLE public.tile_images_image_id_seq OWNER TO postgres;

--
-- Name: tile_images_image_id_seq; Type: SEQUENCE OWNED BY; Schema: public; Owner: postgres
--

ALTER SEQUENCE public.tile_images_image_id_seq OWNED BY public.tile_images.image_id;


--
-- Name: tile_sizes; Type: TABLE; Schema: public; Owner: postgres
--

CREATE TABLE public.tile_sizes (
    length numeric(7,2) NOT NULL,
    height numeric(7,2) NOT NULL,
    width numeric(7,2) NOT NULL,
    id integer NOT NULL
);


ALTER TABLE public.tile_sizes OWNER TO postgres;

--
-- Name: tile_sizes_id_seq; Type: SEQUENCE; Schema: public; Owner: postgres
--

ALTER TABLE public.tile_sizes ALTER COLUMN id ADD GENERATED BY DEFAULT AS IDENTITY (
    SEQUENCE NAME public.tile_sizes_id_seq
    START WITH 1
    INCREMENT BY 1
    NO MINVALUE
    NO MAXVALUE
    CACHE 1
);


--
-- Name: tile_surface; Type: TABLE; Schema: public; Owner: postgres
--

CREATE TABLE public.tile_surface (
    name character varying NOT NULL
);


ALTER TABLE public.tile_surface OWNER TO postgres;

--
-- Name: catalog id; Type: DEFAULT; Schema: public; Owner: postgres
--

ALTER TABLE ONLY public.catalog ALTER COLUMN id SET DEFAULT nextval('public.catalog_id_seq'::regclass);


--
-- Name: collections id; Type: DEFAULT; Schema: public; Owner: postgres
--

ALTER TABLE ONLY public.collections ALTER COLUMN id SET DEFAULT nextval('public.collections_id_seq'::regclass);


--
-- Name: tile_images image_id; Type: DEFAULT; Schema: public; Owner: postgres
--

ALTER TABLE ONLY public.tile_images ALTER COLUMN image_id SET DEFAULT nextval('public.tile_images_image_id_seq'::regclass);


--
-- Data for Name: admins; Type: TABLE DATA; Schema: public; Owner: postgres
--

COPY public.admins (username, password) FROM stdin;
andy	$2b$12$LLlSGSMu25y8BH9Jcb6kzu1.b3thU/j7iOOrieEtgRxqayR1bGj1e
elena	$2b$12$rlyTEzNgHSRTpfUfxUxriulQEdJZE0M1WVq6ePoWPZhqn9qn5Ai2e
\.


--
-- Data for Name: alembic_version; Type: TABLE DATA; Schema: public; Owner: postgres
--

COPY public.alembic_version (version_num) FROM stdin;
c4c09597d44a
\.


--
-- Data for Name: boxes; Type: TABLE DATA; Schema: public; Owner: postgres
--

COPY public.boxes (weight, area, id) FROM stdin;
55.00	555.00	1
25.45	1.60	2
55.00	35.00	3
25.45	35.00	4
29.73	1.60	5
33.13	1.44	6
16.80	1.25	7
33.13	1.25	8
33.30	1.44	9
36.20	1.44	10
23.99	1.39	11
34.38	1.44	12
32.50	1.80	13
17.24	1.23	14
42.00	1.80	15
50.00	2.16	16
32.80	1.44	17
50.00	1.44	18
19.36	1.58	19
\.


--
-- Data for Name: catalog; Type: TABLE DATA; Schema: public; Owner: postgres
--

COPY public.catalog (id, name, color_name, feature_name, surface_name, producer_name, boxes_count, category_name, size_id, box_id) FROM stdin;
35	"Андора"	светлая		\N	Axima	32	Плитка облицовочная	2	2
36	"Андора"	светло-коричневая		\N	Axima	32	Плитка облицовочная	2	2
37	"Андора" 	коричневая		\N	Axima	32	Плитка облицовочная	2	2
38	"Андора" геометрия	светло-коричневая		\N	Axima	32	Плитка облицовочная	2	2
39	"Андора" 	коричневая		рельеф	Axima	32	Плитка облицовочная	2	2
40	"Андора"	светлая		\N	Axima	48	Плитка керамическая напольная	3	5
41	"Андора"	коричневая		\N	Axima	48	Плитка керамическая напольная	3	5
42	"Анкара"	верх		\N	Axima	32	Плитка облицовочная	2	2
43	"Анкара" 	низ		\N	Axima	32	Плитка облицовочная	2	2
44	"Анкара" D вставка	светло-бежевая		\N	Axima	32	Плитка облицовочная	2	2
45	"Анкара"	светло-коричневая		\N	Axima	48	Плитка керамическая напольная	3	5
46	"Аризона"	песочная		\N	Axima	32	Плитка облицовочная	2	2
47	"Аризона"	песочная		рельеф	Axima	32	Плитка облицовочная	2	2
48	"Аризона" D вставка	песочная		\N	Axima	32	Плитка облицовочная	2	2
49	"Аризона" геометрия	песочная		\N	Axima	32	Плитка облицовочная	2	2
13	"Авила"	бежевая		\N	Axima	32	Плитка облицовочная	2	2
16	"Авила"	бежевая		рельеф	Axima	32	Плитка облицовочная	2	2
17	"Авила" D вставка	бежевая		\N	Axima	32	Плитка облицовочная	2	2
18	"Альтеа"	светло-серая		\N	Axima	32	Плитка облицовочная	2	2
19	"Альтеа"	светло-серая		рельеф	Axima	32	Плитка облицовочная	2	2
20	"Альтеа"	серая		\N	Axima	32	Плитка облицовочная	2	2
21	"Альтеа"	серая		рельеф	Axima	32	Плитка облицовочная	2	2
22	"Альтеа" D вставка	светло-серая		\N	Axima	32	Плитка облицовочная	2	2
23	"Бурже"	светло-бежевая		\N	Axima	32	Плитка облицовочная	2	2
24	"Бурже"	светло-бежевая		рельеф	Axima	32	Плитка облицовочная	2	2
25	"Леванто"	светлая		\N	Axima	32	Плитка облицовочная	2	2
26	"Леванто"	коричневая		\N	Axima	32	Плитка облицовочная	2	2
27	"Трентино"	светло-бежевая		\N	Axima	32	Плитка облицовочная	2	2
28	"Трентино" D вставка	светло-бежевая		\N	Axima	32	Плитка облицовочная	2	2
29	"Трентино" D1 вставка	светло-бежевая		\N	Axima	32	Плитка облицовочная	2	2
30	"Этна"	светло-серая		\N	Axima	32	Плитка облицовочная	2	2
31	"Этна"	серая		\N	Axima	32	Плитка облицовочная	2	2
33	"Этна" D вставка	серая		\N	Axima	32	Плитка облицовочная	2	2
34	"Этна" D1 вставка	серая		\N	Axima	32	Плитка облицовочная	2	2
50	"Аризона"	песочная		\N	Axima	48	Плитка керамическая напольная	3	5
51	"Венеция"	бежевая		\N	Axima	32	Плитка облицовочная	2	2
52	"Венеция"	светлая		\N	Axima	32	Плитка облицовочная	2	2
53	"Венеция"	серая		\N	Axima	32	Плитка облицовочная	2	2
54	"Венеция" каскад	бежевая		\N	Axima	32	Плитка облицовочная	2	2
55	"Венеция" каскад	серая		\N	Axima	32	Плитка облицовочная	2	2
56	"Венеция" D вставка	бежевая		\N	Axima	32	Плитка облицовочная	2	2
57	"Венеция" D вставка	серая		\N	Axima	32	Плитка облицовочная	2	2
58	"Гавана"	светлая		\N	Axima	32	Плитка облицовочная	2	2
59	"Гавана"	тёмная		\N	Axima	32	Плитка облицовочная	2	2
60	"Гавана" дерево	светло-коричневая		\N	Axima	32	Плитка облицовочная	2	2
61	"Гавана" геометрия	коричневая		\N	Axima	32	Плитка облицовочная	2	2
62	"Гавана" D вставка	коричнево-зелёная		\N	Axima	32	Плитка облицовочная	2	2
63	"Канары"	светлая		\N	Axima	32	Плитка облицовочная	2	2
64	"Канары"	тёмная		\N	Axima	32	Плитка облицовочная	2	2
65	"Канары" цветы	розово-голубая		\N	Axima	32	Плитка облицовочная	2	2
66	"Канары" D вставка	розово-голубая		\N	Axima	32	Плитка облицовочная	2	2
67	"Канары" D1 вставка	розово-голубая		\N	Axima	32	Плитка облицовочная	2	2
68	"Куба"	светло-серая		\N	Axima	32	Плитка облицовочная	2	2
69	"Куба"	серая		\N	Axima	32	Плитка облицовочная	2	2
70	"Куба" D вставка	серо-голубая		\N	Axima	32	Плитка облицовочная	2	2
71	"Куба" D2 вставка	цветная		\N	Axima	32	Плитка облицовочная	2	2
73	"Куба"	светло-серая		\N	Axima	48	Плитка керамическая напольная	3	5
72	"Куба" D1 пано из 3 шт.	цветная		\N	Axima	32	Плитка облицовочная	5	2
74	"Куба"	серая		\N	Axima	48	Плитка керамическая напольная	3	5
75	"Ларго"	белая		\N	Axima	32	Плитка облицовочная	2	2
76	"Ларго"	белая		рельеф	Axima	32	Плитка облицовочная	2	2
77	"Ларго"	серая		рельеф	Axima	32	Плитка облицовочная	2	2
78	"Ларго" дерево	светло-коричневая		\N	Axima	32	Плитка облицовочная	2	2
79	"Луизиана"	светлая		\N	Axima	32	Плитка облицовочная	2	2
80	"Луизиана"	светлая		рельеф	Axima	32	Плитка облицовочная	2	2
81	"Луизиана" D вставка пано из 2шт.	цветная		\N	Axima	32	Плитка облицовочная	6	2
82	"Луизиана" D1 вставка	светлая		\N	Axima	32	Плитка облицовочная	2	2
83	"Луизиана" D2 вставка 	светлая		\N	Axima	32	Плитка облицовочная	2	2
84	"Луизиана"	светлая		\N	Axima	48	Плитка керамическая напольная	3	5
85	"Мартиника"	верх		\N	Axima	32	Плитка облицовочная	2	2
86	"Мартиника"	низ		\N	Axima	32	Плитка облицовочная	2	2
87	"Мартиника" D вставка	бело-серая в полоску		\N	Axima	32	Плитка облицовочная	2	2
88	"Мартиника"	светлая		\N	Axima	48	Плитка керамическая напольная	3	5
89	"Нормандия"	светлая		\N	Axima	32	Плитка облицовочная	2	2
90	"Нормандия"	светлая		рельеф	Axima	32	Плитка облицовочная	2	2
91	"Нормандия"	тёмная		рельеф	Axima	32	Плитка облицовочная	2	2
92	"Нормандия" D вставка	серая		\N	Axima	32	Плитка облицовочная	2	2
93	"Нормандия"	коричневая		\N	Axima	48	Плитка керамическая напольная	3	5
94	"Орлеан"	белая		рельеф	Axima	32	Плитка облицовочная	2	2
95	"Орлеан"	чёрная		\N	Axima	32	Плитка облицовочная	2	2
96	"Орлеан"	чёрная		рельеф	Axima	32	Плитка облицовочная	2	2
97	"Орлеан" геометрия	чёрно-белый		\N	Axima	32	Керамогранит	6	6
98	"Орлеан" квадрат	чёрно-коричневая		\N	Axima	32	Керамогранит	6	6
99	"Орлеан" D вставка	чёрно-белая		\N	Axima	32	Плитка облицовочная	2	2
100	"Ричмонд"	бежевая		\N	Axima	32	Плитка облицовочная	2	2
101	"Ричмонд"	коричневая		\N	Axima	32	Плитка облицовочная	2	2
102	"Ричмонд"	синяя		\N	Axima	32	Плитка облицовочная	2	2
103	"Ричмонд" D вставка	коричневая		\N	Axima	32	Плитка облицовочная	2	2
104	"Ричмонд" D1 вставка	синяя		\N	Axima	32	Плитка облицовочная	2	2
105	"Ричмонд"	бежевая		\N	Axima	48	Плитка керамическая напольная	3	5
106	"Ричмонд"	коричневая		\N	Axima	48	Плитка керамическая напольная	3	5
107	"Санта-Барбара"	светлая		\N	Axima	32	Плитка облицовочная	2	2
108	"Санта-Барбара"	антрацит		\N	Axima	32	Плитка облицовочная	2	2
109	"Санта-Барбара" D вставка	цветная		\N	Axima	32	Плитка облицовочная	2	2
110	"Санта-Барбара" D1 вставка	чёрно-белая		\N	Axima	32	Плитка облицовочная	2	2
111	"Элегия"	верх		\N	Axima	32	Плитка облицовочная	2	2
112	"Элегия"	низ		\N	Axima	32	Плитка облицовочная	2	2
114	"Элегия" D3 вставка	коричневая платина		\N	Axima	32	Плитка облицовочная	2	2
113	"Элегия" D2 вставка	бежевая платина		\N	Axima	32	Плитка облицовочная	2	2
115	"Элегия"	бежевая		\N	Axima	48	Плитка керамическая напольная	3	5
116	"Элегия"	коричневая		\N	Axima	48	Плитка керамическая напольная	3	5
117	"Бордо"	светлая		\N	Axima	45	Плитка облицовочная	7	7
118	"Бордо"	серая		\N	Axima	45	Плитка облицовочная	7	7
119	"Бордо" геометрия	черно-белая		\N	Axima	45	Плитка облицовочная	7	7
120	"Бордо"	антрацит		\N	Axima	45	Плитка облицовочная	7	7
121	"Бордо" D1 вставка	бело-золотая		\N	Axima	45	Плитка облицовочная	7	7
122	"Бордо" D вставка	черно-белая		\N	Axima	45	Плитка облицовочная	7	7
123	"Мальта"	светлая		\N	Axima	45	Плитка облицовочная	7	7
124	"Мальта"	бежевая		\N	Axima	45	Плитка облицовочная	7	7
185	"Марбелья"	белая		\N	Axima	48	Плитка облицовочная	14	14
125	"Мальта"	бежевая		рельеф	Axima	45	Плитка облицовочная	7	7
126	"Мальта"	тёмно-бежевая		\N	Axima	45	Плитка облицовочная	7	7
127	"Мальта" D вставка	светлая		\N	Axima	45	Плитка облицовочная	7	7
128	"Сардиния"	белая		\N	Axima	45	Плитка облицовочная	7	7
129	"Сардиния"	тёмная		\N	Axima	45	Плитка облицовочная	7	7
130	"Сардиния"	узор		\N	Axima	45	Плитка облицовочная	7	7
131	"Андалусия" Флора	светлая		\N	Axima	45	Плитка облицовочная	7	7
132	"Андалусия" 	тёмная		\N	Axima	45	Плитка облицовочная	7	7
133	"Андалусия" D вставка	серая		\N	Axima	45	Плитка облицовочная	7	7
134	"Андалусия" D1 вставка	серая		\N	Axima	45	Плитка облицовочная	7	7
135	"Андалусия" 	серо-золотой		\N	Axima	48	Плитка керамическая напольная	3	5
137	"ALICANTE"	бежевый		\N	Axima	32	Керамогранит	8	9
138	"ALICANTE"	светло-серый		\N	Axima	32	Керамогранит	8	9
139	"ALICANTE"	коричневый		\N	Axima	32	Керамогранит	8	9
141	"ALICANTE"	светло-серый		\N	Axima	30	Керамогранит	9	10
142	"ALICANTE"	бежевый		\N	Axima	30	Керамогранит	9	10
143	"ALICANTE"	коричневый		\N	Axima	30	Керамогранит	9	10
144	"ALICANTE"	бежевая		\N	Axima	46	Плитка керамическая напольная	11	11
145	"ALICANTE"	коричневая		\N	Axima	46	Плитка керамическая напольная	11	11
147	"AMSTERDAM"	кофейный		под дерево	Axima	30	Керамогранит	12	12
146	"AMSTERDAM"	светло-бежевый		под дерево	Axima	30	Керамогранит	12	12
148	"AMSTERDAM"	коричневый		под дерево	Axima	30	Керамогранит	9	12
149	"ARGOS"	серо-коричневый		бетон	Axima	32	Керамогранит	13	13
150	"BALTIMORE"	светло-бежевый		под камень	Axima	32	Керамогранит	13	13
151	"BALTIMORE"	коричневый		под камень	Axima	32	Керамогранит	13	13
152	"Кадис"	низ		\N	Axima	45	Плитка облицовочная	7	7
154	"Кадис" D вставка	серо-голубая		\N	Axima	45	Плитка облицовочная	7	7
153	"Кадис"	верх		\N	Axima	45	Плитка облицовочная	7	7
155	"Кадис"	серая		\N	Axima	48	Плитка керамическая напольная	3	5
156	"Мегаполис"	светло-серая		\N	Axima	45	Плитка облицовочная	7	7
157	"Мегаполис"	серая		\N	Axima	45	Плитка облицовочная	7	7
158	"Мегаполис"	светло-серая мозаика		\N	Axima	45	Плитка облицовочная	7	7
159	"Мегаполис"	серая мозаика		\N	Axima	45	Плитка облицовочная	7	7
160	"Мегаполис"	тёмно-серая мозаика		\N	Axima	45	Плитка облицовочная	7	7
161	"Мегаполис" D вставка	цветы		\N	Axima	45	Плитка облицовочная	7	7
162	"Мегаполис" D1 вставка	цветная		\N	Axima	45	Плитка облицовочная	7	7
163	"Мегаполис"	светло-серая		\N	Axima	48	Плитка керамическая напольная	3	5
164	"Мегаполис"	серая		\N	Axima	48	Плитка керамическая напольная	3	5
165	"Палермо"	светлая		\N	Axima	45	Плитка облицовочная	7	7
166	"Палермо"	тёмная		\N	Axima	45	Плитка облицовочная	7	7
167	"Палермо"	светлая		рельеф	Axima	45	Плитка облицовочная	7	7
168	"Палермо" D вставка	листочки		\N	Axima	45	Плитка облицовочная	7	7
169	"Палермо" D1 вставка	геометрия		\N	Axima	45	Плитка облицовочная	7	7
170	"Палермо"	мозаика		\N	Axima	45	Плитка облицовочная	7	7
171	"Сингапур"	синяя		\N	Axima	45	Плитка облицовочная	7	7
172	"Сингапур" D вставка	синяя		\N	Axima	45	Плитка облицовочная	7	7
173	"Сингапур" D1 вставка	синяя		\N	Axima	45	Плитка облицовочная	7	7
174	"Сингапур" флорида	белая		\N	Axima	45	Плитка облицовочная	7	7
175	"Сингапур" флорида	белая		\N	Axima	48	Плитка керамическая напольная	3	5
176	"Флорида"	белая		\N	Axima	45	Плитка облицовочная	7	7
179	"Флорида"	переходная серая		\N	Axima	45	Плитка облицовочная	7	7
178	"Флорида"	серая		\N	Axima	45	Плитка облицовочная	7	7
180	"Флорида" D вставка	геометрия		\N	Axima	45	Плитка облицовочная	7	7
181	"Флорида"	белая		\N	Axima	48	Плитка керамическая напольная	3	5
182	"Флорида"	серая		\N	Axima	48	Плитка керамическая напольная	3	5
184	"Марбелья"	бежевая		\N	Axima	48	Плитка облицовочная	14	14
183	"Марбелья"	светлое дерево		\N	Axima	48	Плитка облицовочная	14	14
187	"Марбелья"	белая		рельеф	Axima	48	Плитка облицовочная	14	14
188	"Риоса"	светло-серая		\N	Axima	48	Плитка облицовочная	14	14
190	"Риоса" D1 вставка	светло-серая		\N	Axima	48	Плитка облицовочная	14	14
186	"Марбелья"	белая		\N	Axima	48	Плитка облицовочная	14	14
189	"Риоса"	серая		\N	Axima	48	Плитка облицовочная	14	14
191	"Виченца"	светлая		\N	Axima	48	Плитка облицовочная	14	14
192	"Виченца"	тёмная		\N	Axima	48	Плитка облицовочная	14	14
193	"Виченца"	светлая		рельеф	Axima	48	Плитка облицовочная	14	14
194	"Виченца"	геометрия		\N	Axima	48	Плитка облицовочная	14	14
238	"DORTMUND"	серый		мрамор	Axima	30	Керамогранит	15	10
195	"Виченца" Вставка D	серые ромбы		\N	Axima	48	Плитка облицовочная	14	14
196	"Виченца" Вставка D1	серо-голубая		\N	Axima	48	Плитка облицовочная	14	14
197	"Виченца"	светлый мрамор		\N	Axima	48	Плитка керамическая напольная	3	5
198	"Генуя"	светлая		\N	Axima	48	Плитка облицовочная	14	14
199	"Генуя"	пудровая		\N	Axima	48	Плитка облицовочная	14	14
200	"Генуя"	серая		\N	Axima	48	Плитка облицовочная	14	14
201	"Генуя"	геометрия		\N	Axima	48	Плитка облицовочная	14	14
202	"Генуя"	светлая		\N	Axima	48	Плитка керамическая напольная	3	5
203	"Генуя"	серая		\N	Axima	48	Плитка керамическая напольная	3	5
204	"Дорадо"	светло-серая		\N	Axima	48	Плитка облицовочная	14	14
205	"Дорадо"	серая		\N	Axima	48	Плитка облицовочная	14	14
206	"Дорадо" Вставка D	цветная		\N	Axima	48	Плитка облицовочная	14	14
207	"Дорадо" Вставка D1	цветная		\N	Axima	48	Плитка облицовочная	14	14
208	"Дорадо" Вставка D2	геометрия		\N	Axima	48	Плитка облицовочная	14	14
209	"Дорадо" Вставка D3	геометрия		\N	Axima	48	Плитка облицовочная	14	14
210	"Дорадо"	серый камень		\N	Axima	48	Плитка керамическая напольная	3	5
211	"Ибица"	верх		\N	Axima	48	Плитка облицовочная	14	14
212	"Ибица"	низ		\N	Axima	48	Плитка облицовочная	14	14
213	"Ибица" Вставка D	полоски		\N	Axima	48	Плитка облицовочная	14	14
214	"Ибица" Вставка D1	точки		\N	Axima	48	Плитка облицовочная	14	14
215	"Ибица"	серый камень		\N	Axima	48	Плитка керамическая напольная	3	5
216	"Империал"	светло-бежевая		\N	Axima	48	Плитка облицовочная	14	14
217	"Империал"	бежевая		\N	Axima	48	Плитка облицовочная	14	14
218	"Империал" Вставка D	архитектура пано		\N	Axima	48	Плитка облицовочная	14	14
219	"Империал" Вставка D2	архитектура пано		\N	Axima	48	Плитка облицовочная	14	14
220	"Империал" Вставка D3	архитектура пано		\N	Axima	48	Плитка облицовочная	14	14
221	"Империал"	бежевая		\N	Axima	48	Плитка керамическая напольная	3	5
222	"BALTIMORE"	светло-бежевый		под камень	Axima	30	Керамогранит	15	10
223	"BALTIMORE"	коричневый		под камень	Axima	30	Керамогранит	15	10
224	"BERN"	светло-бежевый		бетон	Axima	32	Керамогранит	13	13
225	"BERN"	бежевый		бетон	Axima	32	Керамогранит	13	13
226	"BERN"	серый		бетон	Axima	32	Керамогранит	13	13
227	"BERN"	антрацит		бетон	Axima	32	Керамогранит	13	13
228	"BERN"	светло-бежевый		бетон	Axima	30	Керамогранит	15	10
229	"BERN"	бежевый		бетон	Axima	30	Керамогранит	15	10
230	"BERN"	серый		бетон	Axima	30	Керамогранит	15	10
231	"BERN"	антрацит		бетон	Axima	30	Керамогранит	15	10
232	"CARDIFF"	бежевый		бетон	Axima	30	Керамогранит	15	10
233	"CHELSEA"	светло-серый		бетон	Axima	32	Керамогранит	6	6
234	"CHELSEA"	серый		бетон	Axima	30	Керамогранит	6	6
235	"CHELSEA"	светло-серый		бетон	Axima	30	Керамогранит	15	10
236	"CHELSEA"	серый		бетон	Axima	30	Керамогранит	15	10
237	"DORTMUND"	серый		мрамор	Axima	32	Керамогранит	13	13
239	"EDMONTON"	белый		\N	Axima	32	Керамогранит	8	9
240	"HOUSTON"	серый		под камень	Axima	32	Керамогранит	13	13
241	"HOUSTON"	серый		под камень	Axima	32	Керамогранит	15	10
242	"LIMA"	тёмно-бежевый		под камень	Axima	32	Керамогранит	15	10
245	"PORTLAND"	серый камень		\N	Axima	30	Керамогранит	9	6
246	"REIMS"	бежевый		под камень	Axima	32	Керамогранит	13	13
247	"REIMS"	бежевый		под камень	Axima	32	Керамогранит	15	10
248	"SALVADOR"	светло-коричневый		\N	Axima	32	Керамогранит	13	13
249	"SIENA"	светло-серый		\N	Axima	32	Керамогранит	6	6
250	"SIENA"	серый		\N	Axima	32	Керамогранит	6	6
251	"SIENA"	светло-серый		\N	Axima	30	Керамогранит	15	10
252	"SIENA"	серый		\N	Axima	30	Керамогранит	15	10
253	"SYDNEY"	чёрный		мрамор	Axima	32	Керамогранит	9	10
254	"TIVOLI"	светло-бежевый		\N	Axima	30	Керамогранит	9	10
265	"TOLEDO"	светло-серый		под камень	Axima	32	Керамогранит	6	6
266	"TOLEDO"	серый		под камень	Axima	32	Керамогранит	6	6
267	"TOLEDO"	светло-серый		под камень	Axima	30	Керамогранит	15	10
268	"TOLEDO"	серый		под камень	Axima	30	Керамогранит	15	10
285	"Vizavi" ZA-B12606	светлый мрамор		полированный	Vizavi Ceramica	44	Керамогранит	16	16
286	"Vizavi" ZA-ZA-B12639	коричневый мрамор		полированный	Vizavi Ceramica	44	Керамогранит	16	16
287	"Vizavi" ZA-B12638	серый камень		полированный	Vizavi Ceramica	44	Керамогранит	16	16
274	"Vizavi" ZA-B60332	светлый		матовый	Vizavi Ceramica	30	Керамогранит	6	15
270	"Vizavi" ZA-B60304	белый мрамор		матовый	Vizavi Ceramica	30	Керамогранит	6	15
271	"Vizavi" ZA-B60305	белый мрамор		матовый	Vizavi Ceramica	30	Керамогранит	6	15
272	"Vizavi" ZA-B60315	тёмно-серый камень		матовый	Vizavi Ceramica	30	Керамогранит	6	15
273	"Vizavi" ZA-B60328	серый камень		матовый	Vizavi Ceramica	30	Керамогранит	6	15
269	"Vizavi" ZA-B60303	светло-серый камень		матовый	Vizavi Ceramica	30	Керамогранит	6	15
275	"Vizavi" ZA-B60347	бежевый камень		матовый	Vizavi Ceramica	30	Керамогранит	6	15
277	"Vizavi" ZA-L60911	бежевый бетон		матовый	Vizavi Ceramica	30	Керамогранит	6	15
276	"Vizavi" ZA-L60307	серый мрамор		матовый	Vizavi Ceramica	30	Керамогранит	6	15
278	"Vizavi" ZA-B12503	светло-серый бетон		матовый	Vizavi Ceramica	44	Керамогранит	16	16
279	"Vizavi" ZA-B12514	светло-серый камушек		матовый	Vizavi Ceramica	44	Керамогранит	16	16
280	"Vizavi" ZA-B12517	светло-серый камушек		матовый	Vizavi Ceramica	44	Керамогранит	16	16
281	"Vizavi" ZA-B12909	тёмный камень		матовый	Vizavi Ceramica	44	Керамогранит	16	16
282	"Vizavi" ZA-D12516	тёмный бетон		матовый	Vizavi Ceramica	44	Керамогранит	16	16
283	"Vizavi" ZA-L12512	светло-серый бетон		матовый	Vizavi Ceramica	44	Керамогранит	16	16
284	"Vizavi" ZA-L12719	серый мрамор		матовый	Vizavi Ceramica	44	Керамогранит	16	16
288	"Vizavi" ZA-D12602	светло-серый бетон		полированный	Vizavi Ceramica	44	Керамогранит	16	16
289	"Vizavi" ZA-D12603	светлый бетон		полированный	Vizavi Ceramica	44	Керамогранит	16	16
290	"Vizavi" ZA-D12607	белый мрамор		полированный	Vizavi Ceramica	44	Керамогранит	16	16
291	"Vizavi" ZA-D12608	светло-коричневый мрамор		полированный	Vizavi Ceramica	44	Керамогранит	16	16
292	"Vizavi" ZA-L12604	белый мрамор		полированный	Vizavi Ceramica	44	Керамогранит	16	16
293	"Vizavi" ZA-L12605	белый мрамор		полированный	Vizavi Ceramica	44	Керамогранит	16	16
294	"Vizavi" ZA-L12614	светлый мрамор		полированный	Vizavi Ceramica	44	Керамогранит	16	16
295	"Vizavi" ZA-L12630	тёмный мрамор		полированный	Vizavi Ceramica	44	Керамогранит	16	16
296	"Vizavi" ZA-L12632	тёмный мрамор		полированный	Vizavi Ceramica	44	Керамогранит	16	16
298	GRS 06-01 "Matera" Plumb	черный		матовый	ГраниТаганая	32	Керамогранит	8	17
301	"Matera" GRS06-17 Blanch	бежевый		матовый	ГраниТаганая	32	Керамогранит	8	17
300	"Matera" GRS06-04 Eclipse	тёмно-серый		матовый	ГраниТаганая	32	Керамогранит	8	17
299	"Matera" GRS06-02 Pitch	графит		матовый	ГраниТаганая	32	Керамогранит	8	17
302	"Matera" GRS06-24 Oxide	коричневый		матовый	ГраниТаганая	32	Керамогранит	8	17
303	"Matera" GRS06-26 Earth	светло-коричневый		матовый	ГраниТаганая	32	Керамогранит	8	17
304	"Matera" GRS06-28 Latte	тёмно-бежевый		матовый	ГраниТаганая	32	Керамогранит	8	17
305	GRS07-01 "Madain" Plumb	чёрный		матовый	ГраниТаганая	32	Керамогранит	8	17
306	GRS07-03 "Madain" Carbon	тёмно-серый		матовый	ГраниТаганая	32	Керамогранит	8	17
307	GRS07-06 "Madain" Cloud	серый		матовый	ГраниТаганая	32	Керамогранит	8	17
297	GRS 06-05 "Matera" Steel	серый		матовый	ГраниТаганая	32	Керамогранит	8	17
308	GRS07-17 "Madain" Blanch	светло-серый		матовый	ГраниТаганая	32	Керамогранит	8	17
309	"Madain" GRS07-14 Mittled	серый		карвинг	ГраниТаганая	32	Керамогранит	8	17
310	"Madain" GRS07-15 Grispi	серый		карвинг	ГраниТаганая	32	Керамогранит	8	17
311	"Matera" GRS06-01 Plumb	чёрный		матовый	ГраниТаганая	21	Керамогранит	15	16
312	"Matera" GRS06-02 Pitch	графит		матовый	ГраниТаганая	21	Керамогранит	15	16
313	"Matera" GRS06-04 Eclipse	тёмно-серый		матовый	ГраниТаганая	21	Керамогранит	15	16
314	"Matera" GRS06-05 Steel	серый		матовый	ГраниТаганая	21	Керамогранит	15	16
315	"Matera" GRS06-17 Blanch	бежевый		матовый	ГраниТаганая	21	Керамогранит	15	16
316	"Matera" GRS06-24 Oxide	коричневый		матовый	ГраниТаганая	21	Керамогранит	15	16
317	"Matera" GRS06-26 Earth	светло-коричневый		матовый	ГраниТаганая	21	Керамогранит	15	16
318	"Matera" GRS06-28 Latte	тёмно-бежевый		матовый	ГраниТаганая	21	Керамогранит	15	16
319	GRS07-01 "Madain" Plumb	чёрный		матовый	ГраниТаганая	21	Керамогранит	15	16
320	GRS07-03 "Madain" Carbon	тёмно-серый		матовый	ГраниТаганая	21	Керамогранит	15	16
321	GRS07-06 "Madain" Cloud	серый		матовый	ГраниТаганая	21	Керамогранит	15	16
322	GRS07-17 "Madain" Blanch	светло-серый		матовый	ГраниТаганая	21	Керамогранит	15	16
323	GRS07-14 "Madain" Mittled	серый		карвинг	ГраниТаганая	21	Керамогранит	15	16
324	GRS07-15 "Madain" Grispi	серый		карвинг	ГраниТаганая	21	Керамогранит	15	16
325	GRS 09-29 "Sigiriya" Dairy	светло-серый		матовый	ГраниТаганая	32	Керамогранит	8	17
326	GRS 09-09 "Sigiriya" Clair	серый		матовый	ГраниТаганая	32	Керамогранит	8	17
327	GRS 09-07 "Sigiriya"  Drab	графит		матовый	ГраниТаганая	32	Керамогранит	8	17
328	GRS 09-29 "Sigiriya"  Dairy	светло-серый		матовый	ГраниТаганая	21	Керамогранит	15	16
329	GRS 09-09 "Sigiriya"  Clair	серый		матовый	ГраниТаганая	21	Керамогранит	15	16
330	GRS 09-07 "Sigiriya"  Drab	графит		матовый	ГраниТаганая	21	Керамогранит	15	16
331	"Ellora" GRS01-15 Zircon	белый мрамор		матовый	ГраниТаганая	32	Керамогранит	8	17
332	"Ellora" GRS 01-18 Ashy	серый мрамор		матовый	ГраниТаганая	32	Керамогранит	8	17
333	"Ellora" GRS 01-19 Lotus	белый мрамор		матовый	ГраниТаганая	32	Керамогранит	8	17
334	"Ellora" GRS 01-20 Ivory	белый мрамор		матовый	ГраниТаганая	32	Керамогранит	8	17
335	"Ellora" GRS 01-58 Fire	бежевый мрамор		матовый	ГраниТаганая	32	Керамогранит	8	17
336	"Ellora" GRS 01-15 Zircon	белый мрамор		матовый	ГраниТаганая	21	Керамогранит	15	16
337	"Ellora" GRS 01-18 Ashy	серый мрамор		матовая	ГраниТаганая	21	Керамогранит	15	16
338	"Ellora" GRS 01-19   Lotus	белый мрамор		матовый	ГраниТаганая	21	Керамогранит	15	16
339	"Ellora" GRS 01-20   Ivory	белый мрамор		матовый	ГраниТаганая	21	Керамогранит	15	16
340	"Ellora" GRS 01-58  Fire	бежевый мрамор		матовый	ГраниТаганая	21	Керамогранит	15	16
341	"Gila" GRS 03-16 Tapioca	бежевый камень		матовый	ГраниТаганая	32	Керамогранит	8	17
342	"Gila" GRS 03-28 Latte	тёмно-бежевый камень		матовый	ГраниТаганая	32	Керамогранит	8	18
343	"Gila" GRS 03-16 Tapioca	бежевый камень		матовый	ГраниТаганая	21	Керамогранит	15	16
344	"Gila" GRS 03-28 Latte	тёмно-бежевый камень		матовый	ГраниТаганая	21	Керамогранит	15	16
346	"Lalibela" GRS 04-17 Blanch	бежевый камень		матовая	ГраниТаганая	32	Керамогранит	8	17
345	"Lalibela" GRS 04-07 Drab	серый камень		матовый	ГраниТаганая	32	Керамогранит	8	17
347	"Lalibela" GRS 04-17   Blanch	серый камень		матовый	ГраниТаганая	21	Керамогранит	15	16
348	"Lalibela" GRS04-07  Drab	бежевый камень		матовый	ГраниТаганая	21	Керамогранит	15	16
349	"Simbel" GRS 05-05  Grizzly	тёмно-серый мрамор		матовый	ГраниТаганая	32	Керамогранит	8	17
350	"Simbel" GRS 05-25 Espera	коричневый мрамор		матовый	ГраниТаганая	32	Керамогранит	8	17
351	"Simbel" GRS 05-02 Pitch	чёрный мрамор		матовая	ГраниТаганая	32	Керамогранит	8	17
352	"Simbel" GRS 05-03  Carbon	чёрный мрамор		матовый	ГраниТаганая	32	Керамогранит	8	17
353	"Simbel" GRS 05-05  Grizzly	тёмно-серый мрамор		матовый	ГраниТаганая	21	Керамогранит	15	16
354	"Simbel" GRS 05-25  Espera	коричневый мрамор		матовый	ГраниТаганая	21	Керамогранит	15	16
355	"Simbel" GRS 05-02   Pitch	чёрный мрамор		матовый	ГраниТаганая	21	Керамогранит	15	16
356	"Simbel" GRS 05-03   Carbon	чёрный мрамор		матовый	ГраниТаганая	21	Керамогранит	15	16
357	"Сан-Ремо"	светлая		\N	Axima	48	Плитка облицовочная	14	14
358	"Сан-Ремо"	белая		\N	Axima	48	Плитка облицовочная	14	14
359	"Сан-Ремо"	светло-серая		\N	Axima	48	Плитка облицовочная	14	14
360	"Сан-Ремо"	серая		\N	Axima	48	Плитка облицовочная	14	14
361	"Сан-Ремо"	геометрия		\N	Axima	48	Плитка облицовочная	14	14
362	"Сан-Ремо" вставка D	листочки		\N	Axima	48	Плитка облицовочная	14	14
363	"Сан-Ремо" вставка D1	геометрия		\N	Axima	48	Плитка облицовочная	14	14
364	"Сан-Ремо"	белая		матовая	Axima	46	Плитка керамическая напольная	11	11
365	"Сан-Ремо"	светлая		матовая	Axima	46	Плитка керамическая напольная	11	11
366	"Сан-Ремо"	светло-серая		матовая	Axima	46	Плитка керамическая напольная	11	11
367	"Изабель"	верх		\N	Axima	54	Плитка облицовочная	17	19
368	"Изабель"	низ		\N	Axima	54	Плитка облицовочная	17	19
369	"Изабель" вставка D	бежевая		\N	Axima	54	Плитка облицовочная	17	19
370	"Изабель" вставка D1	бежевая		\N	Axima	54	Плитка облицовочная	17	19
371	"Изабель" вставка D2	бежевая		\N	Axima	54	Плитка облицовочная	17	19
372	"Изабель"	коричневый		матовый	Axima	46	Плитка керамическая напольная	11	11
373	"Монте-Карло"	верх		\N	Axima	54	Плитка облицовочная	17	19
374	"Монте-Карло"	низ		\N	Axima	54	Плитка облицовочная	17	19
375	"Монте-Карло" вставка D	бежевая		\N	Axima	54	Плитка облицовочная	17	19
376	"Монте-Карло" вставка D1	архитектура		\N	Axima	54	Плитка облицовочная	17	19
377	"Монте-Карло" вставка D2	архитектура		\N	Axima	54	Плитка облицовочная	17	19
378	"Монте-Карло"	бежевая		матовая	Axima	46	Плитка керамическая напольная	11	11
379	"Непал"	верх		\N	Axima	54	Плитка облицовочная	17	19
380	"Непал"	низ		\N	Axima	54	Плитка облицовочная	17	19
381	"Непал" Вставка D	бежевая		\N	Axima	54	Плитка облицовочная	17	19
382	"Непал" Вставка D1	бежевая		\N	Axima	54	Плитка облицовочная	17	19
383	"Непал"	коричневая		матовая	Axima	46	Плитка керамическая напольная	11	11
384	"Тулуза"	светлая		\N	Axima	54	Плитка облицовочная	17	19
385	"Тулуза"	тёмная		\N	Axima	54	Плитка облицовочная	17	19
386	"Тулуза" вставка D	серая		\N	Axima	54	Плитка облицовочная	17	19
387	"Тулуза" вставка D1	серая		\N	Axima	54	Плитка облицовочная	17	19
388	"Тулуза" вставка D2	серая		\N	Axima	54	Плитка облицовочная	17	19
389	"Тулуза"	серая		матовая	Axima	48	Плитка керамическая напольная	3	5
\.


--
-- Data for Name: categories; Type: TABLE DATA; Schema: public; Owner: postgres
--

COPY public.categories (name) FROM stdin;
Плитка облицовочная
Плитка керамическая напольная
Керамогранит
\.


--
-- Data for Name: collection_category; Type: TABLE DATA; Schema: public; Owner: postgres
--

COPY public.collection_category (category_name, collection_id) FROM stdin;
Керамогранит	56
Керамогранит	60
Керамогранит	61
Плитка керамическая напольная	22
Плитка керамическая напольная	23
Плитка керамическая напольная	39
Плитка керамическая напольная	42
Плитка керамическая напольная	54
Плитка керамическая напольная	21
Плитка керамическая напольная	43
Плитка керамическая напольная	51
Плитка керамическая напольная	53
Плитка керамическая напольная	28
Плитка керамическая напольная	30
Плитка керамическая напольная	31
Плитка облицовочная	67
Плитка керамическая напольная	67
Плитка облицовочная	68
Керамогранит	57
Керамогранит	59
Плитка облицовочная	47
Плитка облицовочная	19
Плитка облицовочная	36
Плитка облицовочная	20
Плитка облицовочная	49
Плитка облицовочная	26
Плитка облицовочная	37
Плитка облицовочная	38
Керамогранит	8
Плитка облицовочная	52
Плитка облицовочная	39
Плитка облицовочная	55
Плитка облицовочная	54
Плитка облицовочная	27
Плитка облицовочная	42
Плитка облицовочная	29
Плитка облицовочная	46
Плитка облицовочная	35
Плитка облицовочная	44
Плитка облицовочная	25
Плитка облицовочная	45
Керамогранит	9
Плитка облицовочная	48
Плитка облицовочная	40
Плитка облицовочная	50
Керамогранит	10
Плитка облицовочная	21
Плитка облицовочная	51
Керамогранит	11
Плитка облицовочная	28
Плитка облицовочная	34
Плитка облицовочная	53
Плитка облицовочная	43
Плитка облицовочная	24
Плитка облицовочная	41
Плитка облицовочная	22
Плитка облицовочная	23
Керамогранит	16
Керамогранит	14
Плитка облицовочная	30
Плитка облицовочная	31
Плитка облицовочная	32
Плитка облицовочная	33
Керамогранит	12
Керамогранит	13
Керамогранит	15
Керамогранит	17
Керамогранит	18
Керамогранит	1
Керамогранит	2
Керамогранит	3
Керамогранит	4
Керамогранит	5
Керамогранит	6
Керамогранит	7
Керамогранит	62
Керамогранит	63
Керамогранит	64
Плитка облицовочная	66
Плитка керамическая напольная	24
Плитка керамическая напольная	36
Плитка керамическая напольная	44
Плитка керамическая напольная	48
Плитка керамическая напольная	8
Плитка керамическая напольная	34
Плитка керамическая напольная	32
Плитка керамическая напольная	33
Плитка керамическая напольная	66
Плитка керамическая напольная	68
Плитка облицовочная	69
Плитка керамическая напольная	69
Плитка облицовочная	70
Плитка керамическая напольная	70
\.


--
-- Data for Name: collections; Type: TABLE DATA; Schema: public; Owner: postgres
--

COPY public.collections (id, name, image_path) FROM stdin;
56	Vizavi	static/images/base/collections/56
57	Matera	static/images/base/collections/57
59	Sigiriya	static/images/base/collections/59
60	Madain	static/images/base/collections/60
61	Ellora	static/images/base/collections/61
62	Gila	static/images/base/collections/62
63	Lalibela	static/images/base/collections/63
64	Simbel	static/images/base/collections/64
66	Сан-Ремо	static/images/base/collections/66
67	Изабель	static/images/base/collections/67
68	Монте-Карло	static/images/base/collections/68
69	Непал	static/images/base/collections/69
70	Тулуза	static/images/base/collections/70
1	PORTLAND	static/images/base/collections/1
2	REIMS	static/images/base/collections/2
3	SALVADOR	static/images/base/collections/3
4	SIENA	static/images/base/collections/4
5	SYDNEY	static/images/base/collections/5
6	TIVOLI	static/images/base/collections/6
7	TOLEDO	static/images/base/collections/7
8	ALICANTE	static/images/base/collections/8
9	AMSTERDAM	static/images/base/collections/9
10	ARGOS	static/images/base/collections/10
11	BALTIMORE	static/images/base/collections/11
12	BERN	static/images/base/collections/12
13	CARDIFF	static/images/base/collections/13
14	CHELSEA	static/images/base/collections/14
15	DORTMUND	static/images/base/collections/15
16	EDMONTON	static/images/base/collections/16
17	HOUSTON	static/images/base/collections/17
18	LIMA	static/images/base/collections/18
19	Авила	static/images/base/collections/19
20	Альтеа	static/images/base/collections/20
21	Андалусия	static/images/base/collections/21
22	Андора	static/images/base/collections/22
23	Анкара	static/images/base/collections/23
24	Аризона	static/images/base/collections/24
25	Бордо	static/images/base/collections/25
26	Бурже	static/images/base/collections/26
27	Венеция	static/images/base/collections/27
28	Виченца	static/images/base/collections/28
29	Гавана	static/images/base/collections/29
30	Генуя	static/images/base/collections/30
31	Дорадо	static/images/base/collections/31
32	Ибица	static/images/base/collections/32
33	Империал	static/images/base/collections/33
34	Кадис	static/images/base/collections/34
35	Канары	static/images/base/collections/35
36	Куба	static/images/base/collections/36
37	Ларго	static/images/base/collections/37
38	Леванто	static/images/base/collections/38
39	Луизиана	static/images/base/collections/39
40	Мальта	static/images/base/collections/40
41	Марбелья	static/images/base/collections/41
42	Мартиника	static/images/base/collections/42
43	Мегаполис	static/images/base/collections/43
44	Нормандия	static/images/base/collections/44
45	Орлеан	static/images/base/collections/45
46	Палермо	static/images/base/collections/46
47	Риоса	static/images/base/collections/47
48	Ричмонд	static/images/base/collections/48
49	Санта-Барбара	static/images/base/collections/49
50	Сардиния	static/images/base/collections/50
51	Сингапур	static/images/base/collections/51
52	Трентино	static/images/base/collections/52
53	Флорида	static/images/base/collections/53
54	Элегия	static/images/base/collections/54
55	Этна	static/images/base/collections/55
\.


--
-- Data for Name: producers; Type: TABLE DATA; Schema: public; Owner: postgres
--

COPY public.producers (name) FROM stdin;
Axima
Vizavi Ceramica
ГраниТаганая
\.


--
-- Data for Name: slugs; Type: TABLE DATA; Schema: public; Owner: postgres
--

COPY public.slugs (name, slug) FROM stdin;
Vizavi	vizavi
Matera	matera
Sigiriya	sigiriya
Madain	madain
Ellora	ellora
Gila	gila
Lalibela	lalibela
Simbel	simbel
Сан-Ремо	san-remo
Изабель	izabel
Монте-Карло	monte-karlo
Непал	nepal
Тулуза	tuluza
Ибица	ibitsa
Трентино	trentino
TOLEDO	toledo
Венеция	venetsiia
Керамогранит	keramogranit
Аризона	arizona
Санта-Барбара	santa-barbara
Генуя	genuia
Орлеан	orlean
CARDIFF	cardiff
Флорида	florida
Луизиана	luiziana
Палермо	palermo
PORTLAND	portland
AMSTERDAM	amsterdam
Куба	kuba
SYDNEY	sydney
LIMA	lima
CHELSEA	chelsea
Канары	kanary
SALVADOR	salvador
Андора	andora
Нормандия	normandiia
Сардиния	sardiniia
Этна	etna
TIVOLI	tivoli
Дорадо	dorado
Империал	imperial
Авила	avila
REIMS	reims
BALTIMORE	baltimore
ARGOS	argos
EDMONTON	edmonton
Мальта	malta
Мегаполис	megapolis
Ларго	largo
Альтеа	altea
Гавана	gavana
Мартиника	martinika
DORTMUND	dortmund
Бордо	bordo
Марбелья	marbelia
Анкара	ankara
Плитка керамическая напольная	plitka-keramicheskaia-napolnaia
Ричмонд	richmond
Леванто	levanto
Элегия	elegiia
ALICANTE	alicante
Кадис	kadis
HOUSTON	houston
Сингапур	singapur
Риоса	riosa
Плитка облицовочная	plitka-oblitsovochnaia
BERN	bern
Бурже	burzhe
Виченца	vichentsa
Андалусия	andalusiia
SIENA	siena
\.


--
-- Data for Name: tile_colors; Type: TABLE DATA; Schema: public; Owner: postgres
--

COPY public.tile_colors (color_name, feature_name) FROM stdin;
бежевая	
светло-серая	
серая	
светло-бежевая	
светлая	
коричневая	
светло-коричневая	
верх	
низ	
песочная	
тёмная	
коричнево-зелёная	
розово-голубая	
серо-голубая	
цветная	
белая	
бело-серая в полоску	
чёрная	
чёрно-белый	
чёрно-коричневая	
чёрно-белая	
синяя	
антрацит	
коричневая платина	
бежевая платина	
черно-белая	
бело-золотая	
тёмно-бежевая	
узор	
серо-золотой	
бежевый	
светло-серый	
коричневый	
кофейный	
светло-бежевый	
серо-коричневый	
светло-серая мозаика	
серая мозаика	
тёмно-серая мозаика	
цветы	
листочки	
геометрия	
мозаика	
переходная серая	
бежевая доска	
светлое дерево	
серые ромбы	
светлый мрамор	
пудровая	
серый камень	
полоски	
точки	
архитектура пано	
серый	
белый	
тёмно-бежевый	
светло-коричневый	
чёрный	
белый мрамор	
тёмно-серый камень	
светло-серый камень	
светлый	
бежевый камень	
серый мрамор	
бежевый бетон	
светло-серый бетон	
светло-серый камушек	
тёмный камень	
тёмный бетон	
мрамор	
коричневый мрамор	
светлый бетон	
светло-коричневый мрамор	
тёмный мрамор	
черный	
графит	
тёмно-серый	
бежевый мрамор	
тёмно-бежевый камень	
тёмно-серый мрамор	
чёрный мрамор	
архитектура	
\.


--
-- Data for Name: tile_images; Type: TABLE DATA; Schema: public; Owner: postgres
--

COPY public.tile_images (image_id, tile_id, image_path) FROM stdin;
16	18	static/images/base/products/18-0
18	20	static/images/base/products/20-0
19	21	static/images/base/products/21-0
14	16	static/images/base/products/16-0
15	17	static/images/base/products/17-0
20	22	static/images/base/products/22-0
21	23	static/images/base/products/23-0
22	24	static/images/base/products/24-0
23	25	static/images/base/products/25-0
25	27	static/images/base/products/27-0
26	28	static/images/base/products/28-0
27	29	static/images/base/products/29-0
28	30	static/images/base/products/30-0
29	31	static/images/base/products/31-0
31	33	static/images/base/products/33-0
33	35	static/images/base/products/35-0
34	36	static/images/base/products/36-0
35	37	static/images/base/products/37-0
36	38	static/images/base/products/38-0
37	39	static/images/base/products/39-0
39	41	static/images/base/products/41-0
40	42	static/images/base/products/42-0
41	43	static/images/base/products/43-0
42	44	static/images/base/products/44-0
43	45	static/images/base/products/45-0
45	47	static/images/base/products/47-0
46	48	static/images/base/products/48-0
47	49	static/images/base/products/49-0
48	50	static/images/base/products/50-0
49	51	static/images/base/products/51-0
50	52	static/images/base/products/52-0
52	54	static/images/base/products/54-0
53	55	static/images/base/products/55-0
54	56	static/images/base/products/56-0
55	57	static/images/base/products/57-0
56	58	static/images/base/products/58-0
58	60	static/images/base/products/60-0
59	61	static/images/base/products/61-0
60	62	static/images/base/products/62-0
61	63	static/images/base/products/63-0
62	64	static/images/base/products/64-0
64	66	static/images/base/products/66-0
65	67	static/images/base/products/67-0
66	68	static/images/base/products/68-0
67	69	static/images/base/products/69-0
68	70	static/images/base/products/70-0
69	71	static/images/base/products/71-0
71	73	static/images/base/products/73-0
72	74	static/images/base/products/74-0
73	75	static/images/base/products/75-0
74	76	static/images/base/products/76-0
75	77	static/images/base/products/77-0
77	79	static/images/base/products/79-0
78	80	static/images/base/products/80-0
79	81	static/images/base/products/81-0
80	82	static/images/base/products/82-0
81	83	static/images/base/products/83-0
83	85	static/images/base/products/85-0
84	86	static/images/base/products/86-0
85	87	static/images/base/products/87-0
86	88	static/images/base/products/88-0
87	89	static/images/base/products/89-0
88	90	static/images/base/products/90-0
90	92	static/images/base/products/92-0
91	93	static/images/base/products/93-0
92	94	static/images/base/products/94-0
93	95	static/images/base/products/95-0
94	96	static/images/base/products/96-0
96	98	static/images/base/products/98-0
97	99	static/images/base/products/99-0
98	100	static/images/base/products/100-0
99	101	static/images/base/products/101-0
100	102	static/images/base/products/102-0
102	104	static/images/base/products/104-0
103	105	static/images/base/products/105-0
104	106	static/images/base/products/106-0
105	107	static/images/base/products/107-0
106	108	static/images/base/products/108-0
107	109	static/images/base/products/109-0
109	111	static/images/base/products/111-0
110	112	static/images/base/products/112-0
111	113	static/images/base/products/113-0
112	114	static/images/base/products/114-0
113	115	static/images/base/products/115-0
115	117	static/images/base/products/117-0
116	118	static/images/base/products/118-0
117	119	static/images/base/products/119-0
118	120	static/images/base/products/120-0
119	121	static/images/base/products/121-0
121	123	static/images/base/products/123-0
122	124	static/images/base/products/124-0
123	125	static/images/base/products/125-0
124	126	static/images/base/products/126-0
125	127	static/images/base/products/127-0
126	128	static/images/base/products/128-0
128	130	static/images/base/products/130-0
129	131	static/images/base/products/131-0
130	132	static/images/base/products/132-0
131	133	static/images/base/products/133-0
24	26	static/images/base/products/26-0
32	34	static/images/base/products/34-0
38	40	static/images/base/products/40-0
44	46	static/images/base/products/46-0
51	53	static/images/base/products/53-0
57	59	static/images/base/products/59-0
63	65	static/images/base/products/65-0
70	72	static/images/base/products/72-0
76	78	static/images/base/products/78-0
82	84	static/images/base/products/84-0
89	91	static/images/base/products/91-0
95	97	static/images/base/products/97-0
101	103	static/images/base/products/103-0
108	110	static/images/base/products/110-0
114	116	static/images/base/products/116-0
120	122	static/images/base/products/122-0
127	129	static/images/base/products/129-0
132	134	static/images/base/products/134-0
133	135	static/images/base/products/135-0
135	137	static/images/base/products/137-0
136	138	static/images/base/products/138-0
137	139	static/images/base/products/139-0
139	141	static/images/base/products/141-0
140	142	static/images/base/products/142-0
141	143	static/images/base/products/143-0
142	144	static/images/base/products/144-0
143	145	static/images/base/products/145-0
144	146	static/images/base/products/146-0
145	147	static/images/base/products/147-0
146	148	static/images/base/products/148-0
147	149	static/images/base/products/149-0
148	150	static/images/base/products/150-0
149	151	static/images/base/products/151-0
150	152	static/images/base/products/152-0
151	153	static/images/base/products/153-0
152	154	static/images/base/products/154-0
153	155	static/images/base/products/155-0
154	156	static/images/base/products/156-0
155	157	static/images/base/products/157-0
156	158	static/images/base/products/158-0
157	159	static/images/base/products/159-0
158	160	static/images/base/products/160-0
159	161	static/images/base/products/161-0
160	162	static/images/base/products/162-0
161	163	static/images/base/products/163-0
162	164	static/images/base/products/164-0
163	165	static/images/base/products/165-0
164	166	static/images/base/products/166-0
165	167	static/images/base/products/167-0
166	168	static/images/base/products/168-0
167	169	static/images/base/products/169-0
168	170	static/images/base/products/170-0
169	171	static/images/base/products/171-0
170	172	static/images/base/products/172-0
171	173	static/images/base/products/173-0
172	174	static/images/base/products/174-0
173	175	static/images/base/products/175-0
174	176	static/images/base/products/176-0
176	178	static/images/base/products/178-0
177	179	static/images/base/products/179-0
178	180	static/images/base/products/180-0
179	181	static/images/base/products/181-0
180	182	static/images/base/products/182-0
181	183	static/images/base/products/183-0
182	184	static/images/base/products/184-0
183	185	static/images/base/products/185-0
184	186	static/images/base/products/186-0
185	187	static/images/base/products/187-0
186	188	static/images/base/products/188-0
187	189	static/images/base/products/189-0
188	190	static/images/base/products/190-0
205	207	static/images/base/products/207-0
13	13	static/images/base/products/13-0
206	208	static/images/base/products/208-0
189	191	static/images/base/products/191-0
190	192	static/images/base/products/192-0
191	193	static/images/base/products/193-0
192	194	static/images/base/products/194-0
193	195	static/images/base/products/195-0
194	196	static/images/base/products/196-0
195	197	static/images/base/products/197-0
196	198	static/images/base/products/198-0
197	199	static/images/base/products/199-0
17	19	static/images/base/products/19-0
198	200	static/images/base/products/200-0
199	201	static/images/base/products/201-0
200	202	static/images/base/products/202-0
201	203	static/images/base/products/203-0
202	204	static/images/base/products/204-0
203	205	static/images/base/products/205-0
204	206	static/images/base/products/206-0
207	209	static/images/base/products/209-0
208	210	static/images/base/products/210-0
209	211	static/images/base/products/211-0
210	212	static/images/base/products/212-0
211	213	static/images/base/products/213-0
212	214	static/images/base/products/214-0
213	215	static/images/base/products/215-0
214	216	static/images/base/products/216-0
215	217	static/images/base/products/217-0
216	218	static/images/base/products/218-0
217	219	static/images/base/products/219-0
218	220	static/images/base/products/220-0
219	221	static/images/base/products/221-0
220	222	static/images/base/products/222-0
221	223	static/images/base/products/223-0
224	226	static/images/base/products/226-0
226	228	static/images/base/products/228-0
227	229	static/images/base/products/229-0
228	230	static/images/base/products/230-0
229	231	static/images/base/products/231-0
230	232	static/images/base/products/232-0
232	234	static/images/base/products/234-0
233	235	static/images/base/products/235-0
234	236	static/images/base/products/236-0
222	224	static/images/base/products/224-0
223	225	static/images/base/products/225-0
225	227	static/images/base/products/227-0
231	233	static/images/base/products/233-0
235	237	static/images/base/products/237-0
236	238	static/images/base/products/238-0
237	239	static/images/base/products/239-0
238	240	static/images/base/products/240-0
239	241	static/images/base/products/241-0
240	242	static/images/base/products/242-0
243	245	static/images/base/products/245-0
244	246	static/images/base/products/246-0
245	247	static/images/base/products/247-0
246	248	static/images/base/products/248-0
247	249	static/images/base/products/249-0
248	250	static/images/base/products/250-0
249	251	static/images/base/products/251-0
250	252	static/images/base/products/252-0
251	253	static/images/base/products/253-0
252	254	static/images/base/products/254-0
263	265	static/images/base/products/265-0
264	266	static/images/base/products/266-0
265	267	static/images/base/products/267-0
266	268	static/images/base/products/268-0
267	269	static/images/base/products/269-0
268	270	static/images/base/products/270-0
269	271	static/images/base/products/271-0
270	272	static/images/base/products/272-0
271	273	static/images/base/products/273-0
272	274	static/images/base/products/274-0
273	275	static/images/base/products/275-0
274	276	static/images/base/products/276-0
275	277	static/images/base/products/277-0
276	278	static/images/base/products/278-0
277	279	static/images/base/products/279-0
278	280	static/images/base/products/280-0
279	281	static/images/base/products/281-0
280	282	static/images/base/products/282-0
281	283	static/images/base/products/283-0
282	284	static/images/base/products/284-0
283	285	static/images/base/products/285-0
284	286	static/images/base/products/286-0
285	287	static/images/base/products/287-0
286	288	static/images/base/products/288-0
287	289	static/images/base/products/289-0
288	290	static/images/base/products/290-0
289	291	static/images/base/products/291-0
290	292	static/images/base/products/292-0
291	293	static/images/base/products/293-0
292	294	static/images/base/products/294-0
293	295	static/images/base/products/295-0
294	296	static/images/base/products/296-0
295	297	static/images/base/products/297-0
296	298	static/images/base/products/298-0
297	299	static/images/base/products/299-0
298	300	static/images/base/products/300-0
299	301	static/images/base/products/301-0
300	302	static/images/base/products/302-0
301	303	static/images/base/products/303-0
302	304	static/images/base/products/304-0
303	305	static/images/base/products/305-0
304	306	static/images/base/products/306-0
305	307	static/images/base/products/307-0
306	308	static/images/base/products/308-0
307	309	static/images/base/products/309-0
308	310	static/images/base/products/310-0
309	311	static/images/base/products/311-0
310	312	static/images/base/products/312-0
311	313	static/images/base/products/313-0
312	314	static/images/base/products/314-0
313	315	static/images/base/products/315-0
314	316	static/images/base/products/316-0
315	317	static/images/base/products/317-0
316	318	static/images/base/products/318-0
317	319	static/images/base/products/319-0
318	320	static/images/base/products/320-0
319	321	static/images/base/products/321-0
320	322	static/images/base/products/322-0
321	323	static/images/base/products/323-0
322	324	static/images/base/products/324-0
323	325	static/images/base/products/325-0
324	326	static/images/base/products/326-0
325	327	static/images/base/products/327-0
326	328	static/images/base/products/328-0
327	329	static/images/base/products/329-0
328	330	static/images/base/products/330-0
329	331	static/images/base/products/331-0
330	332	static/images/base/products/332-0
331	333	static/images/base/products/333-0
332	334	static/images/base/products/334-0
333	335	static/images/base/products/335-0
334	336	static/images/base/products/336-0
335	337	static/images/base/products/337-0
336	338	static/images/base/products/338-0
337	339	static/images/base/products/339-0
338	340	static/images/base/products/340-0
339	341	static/images/base/products/341-0
340	342	static/images/base/products/342-0
341	343	static/images/base/products/343-0
342	344	static/images/base/products/344-0
343	345	static/images/base/products/345-0
344	346	static/images/base/products/346-0
345	347	static/images/base/products/347-0
346	348	static/images/base/products/348-0
347	349	static/images/base/products/349-0
348	350	static/images/base/products/350-0
349	351	static/images/base/products/351-0
350	352	static/images/base/products/352-0
351	353	static/images/base/products/353-0
352	354	static/images/base/products/354-0
353	355	static/images/base/products/355-0
354	356	static/images/base/products/356-0
355	357	static/images/base/products/357-0
356	358	static/images/base/products/358-0
357	359	static/images/base/products/359-0
358	360	static/images/base/products/360-0
359	361	static/images/base/products/361-0
360	362	static/images/base/products/362-0
361	363	static/images/base/products/363-0
362	364	static/images/base/products/364-0
363	365	static/images/base/products/365-0
364	366	static/images/base/products/366-0
365	367	static/images/base/products/367-0
366	368	static/images/base/products/368-0
367	369	static/images/base/products/369-0
368	370	static/images/base/products/370-0
369	371	static/images/base/products/371-0
370	372	static/images/base/products/372-0
371	373	static/images/base/products/373-0
372	374	static/images/base/products/374-0
373	375	static/images/base/products/375-0
374	376	static/images/base/products/376-0
375	377	static/images/base/products/377-0
376	378	static/images/base/products/378-0
377	379	static/images/base/products/379-0
378	380	static/images/base/products/380-0
379	381	static/images/base/products/381-0
380	382	static/images/base/products/382-0
381	383	static/images/base/products/383-0
382	384	static/images/base/products/384-0
383	385	static/images/base/products/385-0
384	386	static/images/base/products/386-0
385	387	static/images/base/products/387-0
386	388	static/images/base/products/388-0
387	389	static/images/base/products/389-0
\.


--
-- Data for Name: tile_sizes; Type: TABLE DATA; Schema: public; Owner: postgres
--

COPY public.tile_sizes (length, height, width, id) FROM stdin;
100.00	4.00	400.00	1
300.00	9.00	600.00	2
400.00	9.00	400.00	3
60.00	9.00	90.00	4
600.00	9.00	900.00	5
600.00	9.00	600.00	6
250.00	8.00	500.00	7
600.00	10.00	600.00	8
600.00	11.00	1200.00	9
600.00	11.00	600.00	10
327.00	8.00	327.00	11
200.00	11.00	1200.00	12
600.00	8.00	600.00	13
280.00	8.00	400.00	14
600.00	10.00	1200.00	15
600.00	9.00	1200.00	16
250.00	7.00	350.00	17
\.


--
-- Data for Name: tile_surface; Type: TABLE DATA; Schema: public; Owner: postgres
--

COPY public.tile_surface (name) FROM stdin;
рельеф
под дерево
бетон
под камень
мрамор
матовая
матовый
полированный
карвинг
\.


--
-- Name: boxes_id_seq; Type: SEQUENCE SET; Schema: public; Owner: postgres
--

SELECT pg_catalog.setval('public.boxes_id_seq', 19, true);


--
-- Name: catalog_id_seq; Type: SEQUENCE SET; Schema: public; Owner: postgres
--

SELECT pg_catalog.setval('public.catalog_id_seq', 389, true);


--
-- Name: collections_id_seq; Type: SEQUENCE SET; Schema: public; Owner: postgres
--

SELECT pg_catalog.setval('public.collections_id_seq', 70, true);


--
-- Name: tile_images_image_id_seq; Type: SEQUENCE SET; Schema: public; Owner: postgres
--

SELECT pg_catalog.setval('public.tile_images_image_id_seq', 387, true);


--
-- Name: tile_sizes_id_seq; Type: SEQUENCE SET; Schema: public; Owner: postgres
--

SELECT pg_catalog.setval('public.tile_sizes_id_seq', 17, true);


--
-- Name: admins admins_pkey; Type: CONSTRAINT; Schema: public; Owner: postgres
--

ALTER TABLE ONLY public.admins
    ADD CONSTRAINT admins_pkey PRIMARY KEY (username);


--
-- Name: alembic_version alembic_version_pkc; Type: CONSTRAINT; Schema: public; Owner: postgres
--

ALTER TABLE ONLY public.alembic_version
    ADD CONSTRAINT alembic_version_pkc PRIMARY KEY (version_num);


--
-- Name: boxes boxes_pkey; Type: CONSTRAINT; Schema: public; Owner: postgres
--

ALTER TABLE ONLY public.boxes
    ADD CONSTRAINT boxes_pkey PRIMARY KEY (id);


--
-- Name: catalog catalog_pkey; Type: CONSTRAINT; Schema: public; Owner: postgres
--

ALTER TABLE ONLY public.catalog
    ADD CONSTRAINT catalog_pkey PRIMARY KEY (id);


--
-- Name: collection_category collection_id_category_name_pk; Type: CONSTRAINT; Schema: public; Owner: postgres
--

ALTER TABLE ONLY public.collection_category
    ADD CONSTRAINT collection_id_category_name_pk PRIMARY KEY (collection_id, category_name);


--
-- Name: collections collections_image_path_key1; Type: CONSTRAINT; Schema: public; Owner: postgres
--

ALTER TABLE ONLY public.collections
    ADD CONSTRAINT collections_image_path_key1 UNIQUE (image_path);


--
-- Name: collections collections_name_key; Type: CONSTRAINT; Schema: public; Owner: postgres
--

ALTER TABLE ONLY public.collections
    ADD CONSTRAINT collections_name_key UNIQUE (name);


--
-- Name: collections collections_pkey1; Type: CONSTRAINT; Schema: public; Owner: postgres
--

ALTER TABLE ONLY public.collections
    ADD CONSTRAINT collections_pkey1 PRIMARY KEY (id);


--
-- Name: producers producers_pkey; Type: CONSTRAINT; Schema: public; Owner: postgres
--

ALTER TABLE ONLY public.producers
    ADD CONSTRAINT producers_pkey PRIMARY KEY (name);


--
-- Name: slugs slugs_pkey; Type: CONSTRAINT; Schema: public; Owner: postgres
--

ALTER TABLE ONLY public.slugs
    ADD CONSTRAINT slugs_pkey PRIMARY KEY (name, slug);


--
-- Name: tile_colors tile_colors_pkey; Type: CONSTRAINT; Schema: public; Owner: postgres
--

ALTER TABLE ONLY public.tile_colors
    ADD CONSTRAINT tile_colors_pkey PRIMARY KEY (color_name, feature_name);


--
-- Name: tile_images tile_images_pkey; Type: CONSTRAINT; Schema: public; Owner: postgres
--

ALTER TABLE ONLY public.tile_images
    ADD CONSTRAINT tile_images_pkey PRIMARY KEY (image_id);


--
-- Name: tile_sizes tile_sizes_pkey; Type: CONSTRAINT; Schema: public; Owner: postgres
--

ALTER TABLE ONLY public.tile_sizes
    ADD CONSTRAINT tile_sizes_pkey PRIMARY KEY (id);


--
-- Name: tile_surface tile_surface_pkey; Type: CONSTRAINT; Schema: public; Owner: postgres
--

ALTER TABLE ONLY public.tile_surface
    ADD CONSTRAINT tile_surface_pkey PRIMARY KEY (name);


--
-- Name: categories types_pkey; Type: CONSTRAINT; Schema: public; Owner: postgres
--

ALTER TABLE ONLY public.categories
    ADD CONSTRAINT types_pkey PRIMARY KEY (name);


--
-- Name: boxes uq_boxes_weight_area; Type: CONSTRAINT; Schema: public; Owner: postgres
--

ALTER TABLE ONLY public.boxes
    ADD CONSTRAINT uq_boxes_weight_area UNIQUE (weight, area);


--
-- Name: tile_sizes uq_tile_sizes_length_width_height; Type: CONSTRAINT; Schema: public; Owner: postgres
--

ALTER TABLE ONLY public.tile_sizes
    ADD CONSTRAINT uq_tile_sizes_length_width_height UNIQUE (length, width, height);


--
-- Name: catalog catalog_color_name_fkey; Type: FK CONSTRAINT; Schema: public; Owner: postgres
--

ALTER TABLE ONLY public.catalog
    ADD CONSTRAINT catalog_color_name_fkey FOREIGN KEY (color_name, feature_name) REFERENCES public.tile_colors(color_name, feature_name);


--
-- Name: catalog catalog_producer_name_fkey; Type: FK CONSTRAINT; Schema: public; Owner: postgres
--

ALTER TABLE ONLY public.catalog
    ADD CONSTRAINT catalog_producer_name_fkey FOREIGN KEY (producer_name) REFERENCES public.producers(name);


--
-- Name: catalog catalog_surface_name_fkey; Type: FK CONSTRAINT; Schema: public; Owner: postgres
--

ALTER TABLE ONLY public.catalog
    ADD CONSTRAINT catalog_surface_name_fkey FOREIGN KEY (surface_name) REFERENCES public.tile_surface(name);


--
-- Name: catalog fk_catalog_boxes_id; Type: FK CONSTRAINT; Schema: public; Owner: postgres
--

ALTER TABLE ONLY public.catalog
    ADD CONSTRAINT fk_catalog_boxes_id FOREIGN KEY (box_id) REFERENCES public.boxes(id);


--
-- Name: catalog fk_catalog_tile_sizes_id; Type: FK CONSTRAINT; Schema: public; Owner: postgres
--

ALTER TABLE ONLY public.catalog
    ADD CONSTRAINT fk_catalog_tile_sizes_id FOREIGN KEY (size_id) REFERENCES public.tile_sizes(id);


--
-- Name: catalog fk_catalog_types; Type: FK CONSTRAINT; Schema: public; Owner: postgres
--

ALTER TABLE ONLY public.catalog
    ADD CONSTRAINT fk_catalog_types FOREIGN KEY (category_name) REFERENCES public.categories(name);


--
-- Name: collection_category fk_collection_category_category; Type: FK CONSTRAINT; Schema: public; Owner: postgres
--

ALTER TABLE ONLY public.collection_category
    ADD CONSTRAINT fk_collection_category_category FOREIGN KEY (category_name) REFERENCES public.categories(name) ON DELETE CASCADE;


--
-- Name: collection_category fk_collection_category_collection; Type: FK CONSTRAINT; Schema: public; Owner: postgres
--

ALTER TABLE ONLY public.collection_category
    ADD CONSTRAINT fk_collection_category_collection FOREIGN KEY (collection_id) REFERENCES public.collections(id) ON DELETE CASCADE;


--
-- Name: tile_images tile_images_tile_id_fkey; Type: FK CONSTRAINT; Schema: public; Owner: postgres
--

ALTER TABLE ONLY public.tile_images
    ADD CONSTRAINT tile_images_tile_id_fkey FOREIGN KEY (tile_id) REFERENCES public.catalog(id) ON DELETE CASCADE;


--
-- PostgreSQL database dump complete
--

